{"cameraMode":{"drawMode":0,"name":"Shaded","section":"Shading Mode"},"sceneLighting":true,"audioPlay":false,"sceneViewState":{"m_AlwaysRefresh":false,"showFog":true,"showSkybox":true,"showFlares":true,"showImageEffects":true,"showParticleSystems":true,"showVisualEffectGraphs":true,"m_FxEnabled":true},"in2DMode":false,"pivot":{"x":477.64080810546877,"y":140.93698120117188,"z":901.2780151367188},"rotation":{"x":-0.11638230085372925,"y":-0.18797291815280915,"z":0.022473972290754319,"w":-0.9750127792358398},"size":0.03620479255914688,"orthographic":false}